Model Name,Engine Type,HP or lbs thr ea engine,Max speed Knots,Rcmnd cruise Knots,Stall Knots dirty,Fuel gal/lbs,All eng rate of climb,Eng out rate of climb,Takeoff over 50ft,Landing over 50ft,Empty weight lbs,Length ft/in,Wing span ft/in,Range N.M.,Price
100 Darter (S.L. Industries),Piston,145,104,91,46,36,450,900,1300,"2,050","1,180",25/3,37/5,370,1300000
7 CCM Champ,Piston,85,89,83,44,15,600,720,800,"1,350",820,20/7,36/1,190,1230000
100 Darter (S.L. Industries),Piston,90,90,78,37,19,650,475,850,"1,300",810,21/5,35/0,210,1600000
7 AC Champ,Piston,85,88,78,37,19,620,500,850,"1,300",800,21/5,35/0,210,1300000
100 Darter (S.L. Industries),Piston,65,83,74,33,14,370,632,885,"1,220",740,21/5,35/0,175,1250000
PA-60-700P Aerostar (preliminary),Piston,65,78,72,33,15,360,583,880,"1,250",786,20/4,36/1,180,1100000
"PA-601P pressurized Aerostar ('77 service ceiling=26,350)",Piston,350,264,230,80,165,"1,820",3080,2100,"6,315","4,275",34/10,36/8,868,2500000
100 Darter (S.L. Industries),Piston,290,262,247,77,165,"1,755",2250,2076,"6,000","4,125",34/9,36/7,"1,020",2800000
"PA-601, 601A, turbochg Aerostar",Piston,290,257,235,77,165,"1,460",2490,2030,"6,000","4,056",34/10,36/8,"1,101",2500000
100 Darter (S.L. Industries),Piston,290,257,237,77,165,"1,460",2490,2030,"6,000","3,958",34/10,36/8,"1,174",3000000
G164B-600 AG-CAT (design category) sprayer,Piston,290,271,236,69,174,"1,700",2200,1625,"5,700","3,750",34/10,34/2,"1,174",3010000
100 Darter (S.L. Industries),Piston,290,220,212,74,165,"1,800",1950,1840,"5,500","3,737",34/10,34/2,"1,200",2120000
G164A-300 AG CAT,Piston,600,,100,52,64,"1,360",1050,1150,"5,200","3,650",25/6,42/5,200,nan
100 Darter (S.L. Industries),Piston,600,128,96,59,46,"1,600",860,770,"4,500","3,160",24/4,35/11,148,1450000
G164A-245 AG CAT,Piston,525,128,91,52,46,"1,350",,540,567,"4,500","3,150",42/3,155,nan
A-2,Piston,450,128,91,52,46,"1,060",1090,1150,"4,500","3,100",25/7,42/3,190,1450000
100 Darter (S.L. Industries),Piston,450,128,91,58,46,990,1145,750,"4,500","2,870",24/4,35/11,190,1400000
415-G,Piston,300,128,74,54,46,700,1200,1000,"3,750","2,410",24/4,35/8,226,1150000
CH-601-XL/i/650-LS/i,Piston,275,114,74,54,33,600,1275,1000,"3,750","2,400",24/4,35/8,117,1025000
8KCAB-150 F/P prop(w/optional speed kit),Piston,245,114,70,54,33,496,1300,1000,"3,750","2,300",24/4,35/8,174,850000
7KCAB,Piston,220,114,70,48,33,435,1360,1000,"3,600","2,200",24/4,35/8,190,700000
7GCAA,Piston,90,112,108,37,24,640,1100,1200,"1,450",930,20/2,30/0,410,1730000
100 Darter (S.L. Industries),Piston,90,113,104,50,24,600,1800,1600,"1,400",900,20/1,30/0,400,1600000
7GCBC with EDO floats,Piston,85,99,96,50,24,550,2100,1850,"1,400",833,20/1,30/0,360,1350000
7EC,Piston,100,120,113,38,30,"1,000",,,"1,320",770,20/0,27/0,715,1200000
Starship 2000 (2000A=increased spds & weights),Piston,150,147,137,52,40,"1,000",,,"1,800","1,260",22/11,32/0,404,1600000
King Air 260,Piston,150,116,109,43,39,"1,120",535,755,"1,650","1,140",22/7,34/5,411,1700000
B200 Super King Air,Piston,150,109,103,37,37,"1,140",617,718,"1,650","1,050",22/9,34/5,411,1810000
100 Darter (S.L. Industries),Piston,150,113,109,43,39,"1,120",535,755,"1,650","1,140",22/8,33/5,411,1700000
"B100 King Air (prior '79 serv. ceiling=29,100)",Piston,150,113,111,39,35,"1,145",457,690,"1,650","1,150",22/8,34/3,480,1700000
100 Darter (S.L. Industries),Piston,150,97,90,46,39,800,,,"1,800","1,290",22/7,34/6,248,1600000
100 King Air,Piston,115,109,107,44,35,725,716,775,"1,650","1,067",22/8,33/5,301,1200000
100 Darter (S.L. Industries),Piston,90,117,97,38,26,700,1240,700,"1,450",820,21/6,35/1,350,1550000
F90 King Air,Piston,60,85,75,38,13,400,850,,"1,220",750,21/11,35/1,261,850000
"C90A King Air (LJ-1063 up) (10,100 g/w=SN1138 up)",Piston,160,168,160,63,80,"1,160",1805,1330,"3,800","2,588",29/7,36/9,680,1740000
100 Darter (S.L. Industries),Piston,180,148,139,53,51,850,1550,1120,"2,400","1,360",22/0,31/6,530,1380000
100 Darter (S.L. Industries),Piston,150,136,127,52,37,660,1600,1100,"2,200","1,323",22/0,31/6,428,1265000
A 90 King Air,Piston,150,130,122,50,38,660,1600,1100,"2,200","1,271",22/0,31/5,503,1265000
100 Darter (S.L. Industries),Piston,108,120,108,52,24,705,1590,1100,"1,560",975,19/2,24/5,348,1275000
88 Queen Air pressurized,Piston,108,120,109,51,24,765,1400,1065,"1,500","1,007",19/3,24/5,350,1375000
B 80 Queen Air - specs thru 1972,Piston,100,90,84,33,20,700,,,"1,320",845,22/5,35/6,275,1500000
80 Queen Air,Piston,180,126,113,36,52,"1,500",,,"1,800","1,190",22/7,35/6,696,2000000
A 65 Queen Air,Piston,600,122,96,61,54,"1,000",1200,800,"6,000","3,400",29/4,44/4,275,1500000
B 60 Duke pressurized (prior '78 t/o run=2006),Piston,600,122,108,57,100,900,,,"6,000","3,700",29/4,44/4,275,1500000
60 Duke Pressurized,Propjet,750,138,130,57,190,"1,740",,,"6,000","3,600",33/0,44/5,545,2500000
100 Darter (S.L. Industries),Piston,80,157,138,46,17,"1,000",820,721,"1,320",622,20/10,35/5,350,nan
100 Darter (S.L. Industries),Propjet,1050,158,126,52,216,650,,,12500,5829,33/6,56,600,800000
C 50 Twin Bonanza,Propjet,"1,200",335,328,,560,"3,225",3876,2630,"14,400","9,887",46/1,54/5,"1,722",3480000
50 Twin Bonanza,Propjet,"1,050",314,303,,539,"2,979",,2508,"15,000","9,051",46/8,57/11,"1,966",3500000
58 P Baron-press.('77 hgt=9/6) (range based on 190 gal fuel),Propjet,850,310,259,80,3645,2437,,,12590,8830,43/10,57/11,1720,3500000
58 TC Baron (325) turbochg-non-pressurized,Propjet,850,294,279,75,544,"2,450",3345,2845,"12,500","7,538",43/9,54/6,"1,972",3500000
100 Darter (S.L. Industries),Propjet,850,290,272,75,544,"2,450",3345,2845,"12,500","7,538",43/9,54/6,"1,870",3288000
58 Baron (300 hp),Propjet,715,265,258,83,470,"1,963",2951,2679,"11,800","7,082",39/11,45/11,"1,080",2485000
100 Darter (S.L. Industries),Propjet,680,248,235,75,470,"1,963",3245,2944,"11,500","6,797",39/11,45/11,"1,000",2485000
A56TC Turbo Baron,Propjet,680,248,239,73,374,"2,200",1729,2138,"10,600","6,440",39/9,45/10,"1,005",2590000
100 Darter (S.L. Industries),Propjet,750,279,265,79,470,"2,455",2808,2275,"10,950","6,647",39/10,45/11,"1,235",3045000
E 55 Baron ('70-'72 fuel=142 gal opt),Propjet,750,267,261,77,470,"2,380",2856,2275,"10,950","6,549",39/10,45/11,"1,235",2980200
100 Darter (S.L. Industries),Propjet,550,250,245,77,474,"1,870",2024,2110,"10,100","5,996",35/6,50/3,"1,290",2762000
B 55 Baron (1978 & up),Propjet,550,247,240,75,384,"2,137",2261,1672,"10,100","5,765",35/6,50/3,"1,120",3000000
100 Darter (S.L. Industries),Propjet,550,223,217,76,384,"1,955",2261,1672,"9,650","5,765",35/6,50/3,"1,120",2810000
100 Darter (S.L. Industries),Propjet,550,223,219,74,384,"2,000",2180,2010,"9,650","5,685",36/6,50/3,"1,185",2720000
E 95 Travel Air (fuel inj.),Propjet,550,223,216,77,384,"1,900",2150,1960,"9,300","5,680",35/6,45/1,"1,160",3020000
100 Darter (S.L. Industries),Propjet,500,243,235,75,384,"2,000",1755,1870,"9,000","5,680",35/6,45/1,"1,270",2840000
"95, B95 Travel Air (95 = 4,000 lb. gross)",Piston,380,214,192,71,264,"1,275",1800,2311,"8,800","6,035",35/6,50/3,902,2680000
100 Darter (S.L. Industries),Piston,380,216,196,70,200,"1,275",2556,2572,"8,800","5,277",35/6,50/3,656,2680000
B 36 TC Bonanza,Piston,380,216,195,71,214,"1,275",1800,2311,"8,800","5,120",35/6,50/3,716,2680000
100 Darter (S.L. Industries),Piston,380,219,200,70,214,"1,585",1800,2143,"8,500","4,900",35/6,50/3,716,2850000
A 36 Bonanza (300 hp),Piston,380,208,191,67,230,"1,300",1450,2070,"8,000","4,800",35/2,50/3,746,2800000
100 Darter (S.L. Industries),Piston,340,208,186,70,214,"1,375",1675,2107,"8,200","4,995",35/6,50/4,755,3000000
36 Bonanza,Piston,340,208,186,70,214,"1,300",1560,1750,"7,700","4,980",35/6,45/10,755,3130000
100 Darter (S.L. Industries),Piston,340,200,186,70,180,"1,300",1700,1980,"7,700","4,640",33/3,45/10,630,2700000
V 35B Bonanza ('80 & up=fuel std 74 gal),Piston,380,246,233,73,142,"1,601",2626,3065,"6,775","4,425",33/10,39/3,"1,010",3000000
100 Darter (S.L. Industries),Piston,380,249,240,76,142,"1,601",2626,3065,"6,775","4,175",33/10,39/3,824,3080000
V 35 TC Turbo Bonanza,Piston,380,249,236,76,142,"1,615",1660,2340,"6,725","4,100",33/10,39/3,824,3130000
100 Darter (S.L. Industries),Piston,450,204,191,76,198,"1,400",2072,1850,"9,900","5,845",35/2,49/8,622,2030000
S 35 Bonanza,Piston,450,200,186,73,275,"1,410",1980,1850,"9,700","5,910",35/1,49/6,880,2140000
100 Darter (S.L. Industries),Piston,450,203,187,71,206,"1,250",2079,1569,"9,300","6,150",33/1,47/7,638,2300000
"K,M 35 Bonanza",Piston,450,200,183,67,206,"1,190",1760,1460,"8,750","5,770",33/1,47/7,632,2050000
100 Darter (S.L. Industries),Piston,340,204,180,72,180,"1,270",1250,1840,"7,300","4,480",31/5,45/9,787,2950000
H 35 Bonanza,Piston,340,209,184,72,180,"1,320",1250,1840,"7,000","4,460",31/5,45/9,813,2950000
100 Darter (S.L. Industries),Piston,295,186,178,62,134,"1,450",1260,1452,"6,300","4,100",31/5,45/9,670,2000000
"C, D 35 Bonanza",Piston,275,178,161,60,134,"1,450",1260,1375,"6,000","3,956",31/5,45/2,726,2000000
100 Darter (S.L. Industries),Piston,260,177,159,60,134,"1,450",1344,1215,"6,000","3,940",31/5,45/2,733,2000000
35 Bonanza,Piston,260,177,158,56,134,"1,450",1350,1215,"5,500","3,800",31/5,45/2,722,1900000
100 Darter (S.L. Industries),Piston,325,261,232,78,166,"1,475",2643,2427,"6,200","4,026",29/11,37/10,"1,013",2500000
F & E 33-C Bonanza (conventional tail),Piston,310,256,214,79,166,"1,529",2376,2498,"6,100","3,985",29/10,37/10,"1,130",2500000
100 Darter (S.L. Industries),Piston,310,231,207,79,166,"1,424",2761,2498,"6,100","3,985",29/10,37/10,"1,104",2500000
E 33 A Bonanza (conventional tail),Piston,325,261,232,78,166,"1,475",2643,2427,"6,200","3,788",29/11,37/10,"1,013",2500000
100 Darter (S.L. Industries),Piston,310,250,214,79,166,"1,461",2376,2498,"6,100","3,780",29/10,37/10,"1,130",2500000
C 33 A Debonair,Piston,300,208,195,74,136,"1,750",2371,2498,"5,500","3,443",29/10,37/10,"1,109",2068800
100 Darter (S.L. Industries),Piston,285,208,195,74,136,"1,660",2101,2498,"5,400","3,361",29/10,37/10,"1,109",1860000
"A,B 33 Debonair",Piston,380,252,247,73,142,"2,020",1420,2080,"5,990","3,700",29/0,37/10,737,3220000
100 Darter (S.L. Industries),Piston,380,252,247,73,142,"2,020",1420,2080,"5,990","3,650",28/3,37/10,737,3220000
"C-24R Sierra 200 (prior'78 svc. ceil=16,400)",Piston,285,208,195,73,100,"1,682",968,1414,"5,300","3,291",29/0,37/10,934,1910000
100 Darter (S.L. Industries),Piston,285,210,200,67,112,"1,670",968,1414,"5,300","3,075",28/3,37/10,550,2090000
A-24R Sierra 200,Piston,260,201,184,73,100,"1,693",2154,2148,"5,100","3,236",28/0,37/10,739,1930000
100 Darter (S.L. Industries),Piston,260,205,196,68,112,"1,670",1225,1370,"5,100","3,075",27/0,37/10,763,1970000
C 23 Sundowner (pre '76 fuel=52 gal) pre'82=less mph,Piston,260,200,191,66,112,"1,700",1700,1470,"4,880","2,960",26/5,37/8,745,1950000
100 Darter (S.L. Industries),Piston,260,200,191,66,112,"1,630",1700,1470,"4,880","2,960",25/7,37/8,745,1920000
"A 23, A23A Musketeer (A=2,400 lb gross)",Piston,180,183,174,61,80,"1,250",1280,1590,"4,200","2,650",25/1,37/1,661,1810000
100 Darter (S.L. Industries),Piston,180,183,174,61,80,"1,250",2100,1850,"4,200","2,635",25/3,37/1,661,1810000
B 19 Sport 150 (76' & prior fuel=52 gal),Piston,180,183,170,61,80,"1,250",2100,1850,"4,100","2,635",25/3,37/9,661,1810000
100 Darter (S.L. Industries),Piston,180,171,158,60,100,"1,248",2119,1881,"3,900","2,460",29/0,38/0,843,1965000
77 Skipper ('79-'80 height=7/11),Piston,300,213,190,57,102,"1,049",2364,1692,"3,850","2,338",27/6,37/10,957,2500000
"17-31 ATC Turbo, 300-Lyc. (prior '78=8 gal less)",Piston,300,214,190,57,74,"1,165",2012,1449,"3,650","2,278",27/6,33/6,800,2500000
"17-31A, (prior '78=8 gal less fuel + 6 mph less)",Piston,300,184,169,59,74,"1,210",1913,1473,"3,650","2,247",27/6,33/6,720,1850000
100 Darter (S.L. Industries),Piston,285,179,168,52,74,"1,030 w/3bld",2040,1450,"3,600","2,195",27/6,33/6,697,1660000
"17-30A, (1979 & up; 1993 & up + 5 mph; IO-550 +6 mph)",Piston,285,177,170,56,50,"1,015",1525,1240,"3,600","1,980",26/4,32/10,510,1600000
100 Darter (S.L. Industries),Piston,285,217,200,55,50,"1,225",1320,1177,"3,400","2,027",26/4,33/5,600,2950000
17-30-300 Viking (Continental eng),Piston,285,182,172,51,74,"1,167 w/3bld",1769,1324,"3,400",,26/5,33/6,717,1785800
100 Darter (S.L. Industries),Piston,285,183,177,55,44,"1,136",1320,1177,"3,400","1,960",26/4,33/5,536,1750000
14-19-2 Cruisemaster,Piston,285,209,195,55,50,"1,225",1320,1177,"3,400","1,950",26/4,33/5,580,2660000
100 Darter (S.L. Industries),Piston,285,183,177,55,50,"1,136",1320,1177,"3,400","1,915",26/4,33/5,543,1750000
14-13 Cruiseair Sr.,Piston,285,184,178,54,50,"1,200",1225,1150,"3,300","1,915",26/4,33/5,543,1830000
55 (1984-'85),Piston,260,178,170,52,50,"1,150",1260,1100,"3,125","1,855",25/2,33/5,535,1920000
55 (thru 1983),Piston,250,183,170,52,49,"1,170",1185,1050,"2,950","1,832",25/1,33/5,495,2000000
100 Darter (S.L. Industries),Piston,250,183,174,50,39,"1,250",1175,1050,"2,900","1,820",25/1,32/9,492,2130000
100 Darter (S.L. Industries),Piston,240,179,165,50,39,"1,225",1260,1050,"2,900","1,820",25/1,32/9,470,1980000
"36 A (prior'82 = gross weight @ 18,000)",Piston,225,169,160,48,39,"1,300",1270,1025,"2,775","1,722",25/1,32/9,550,1900000
36,Piston,205,165,152,48,39,"1,100",1500,975,"2,700","1,650",25/1,32/9,510,1800000
100 Darter (S.L. Industries),Piston,196,160,148,49,39,890,1515,950,"2,650","1,575",25/1,32/9,470,1710000
100 Darter (S.L. Industries),Piston,185,160,150,48,39,950,1440,925,"2,550","1,458",25/1,32/9,530,1800000
100 Darter (S.L. Industries),Piston,260,177,168,49,50,"1,060",1516,1150,"3,300","1,935",25/5,32/9,513,1660000
28 Longhorn,Piston,285,181,174,53,50,"1,200",1225,1150,"3,300","1,918",25/6,32/9,520,1830000
"25 D,F w/6 engs=45,000 service ceiling (prior '82 more rate of climb)",Piston,285,182,172,51,74,"1,167 w/3bld",1769,1324,"3,400","2,125",26/8,33/6,717,1785800
100 Darter (S.L. Industries),Piston,285,181,174,53,50,"1,200",1225,1150,"3,300","1,915",25/6,32/10,520,1830000
25 C (1973 thru 1975),Piston,225,170,161,52,50,930,1288,1298,"3,050","1,862",25/6,32/10,520,1780000
100 Darter (S.L. Industries),Piston,285,181,174,53,50,"1,200",1225,1150,"3,300","1,775",25/6,32/10,520,1830000
"24 F (w/8A engs=51,000 service ceil)",Piston,225,170,161,52,50,980,1288,1298,"3,050","1,854",25/6,32/10,568,1830000
100 Darter (S.L. Industries),Piston,225,170,161,52,50,960,1235,1282,"3,000","1,745",25/6,32/10,568,1840000
24 D (1973 thru 1975),Piston,225,170,161,52,50,"1,010",1235,1282,"2,900","1,730",25/5,32/8,550,1980000
100 Darter (S.L. Industries),Piston,200,145,137,60,57,927,1561,1462,"2,750","1,696",25/9,32/9,647,1538500
24 C,Piston,200,140,131,55,52,891,1804,1519,"2,750","1,711",25/8,32/9,591,1434200
100 Darter (S.L. Industries),Piston,200,148,141,57,58,862,1630,1380,"2,750","1,610",25/8,32/9,704,1435000
24 Twin Jet,Piston,200,137,130,52,60,880,1380,1300,"2,550","1,410",25/1,32/7,643,1485000
100 Darter (S.L. Industries),Piston,180,128,116,51,57,792,1955,1484,"2,450","1,494",25/9,32/9,565,1260000
100 Darter (S.L. Industries),Piston,180,127,120,50,60,728,1460,1260,"2,400","1,375",25/1,32/7,565,1187000
650 Citation VII,Piston,165,127,120,50,60,880,1460,1260,"2,350","1,325",25/1,32/7,565,1187000
650 Citation VI,Piston,160,123,111,52,60,720,1275,1260,"2,300","1,300",25/1,32/7,800,1350000
100 Darter (S.L. Industries),Piston,150,110,107,50,57,680,1635,1693,"2,150","1,414",25/9,32/9,643,1165000
650 Citation III (thru SN 099),Piston,150,122,114,48,60,900,1255,1220,"2,200","1,325",25/1,32/7,800,1490000
100 Darter (S.L. Industries),Piston,115,106,97,47,29,720,1280,1313,"1,675","1,103",24/0,30/0,370,1290000
100 Darter (S.L. Industries),Piston,300,193,187,61,68,"1,170",1420,1340,"3,325","2,372",26/4,34/2,760,2400000
100 Darter (S.L. Industries),Piston,300,174,165,61,68,"1,170",1420,1340,"3,325","2,247",26/4,34/2,483,1820000
S550 Citation SII,Piston,250,193,187,54,72,"1,800",890,1100,"3,200","2,010",23/7,34/2,760,2400000
Citation II 550 (thru SN 626),Piston,300,181,176,61,68,"1,210",1420,1340,"3,325","2,185",26/4,34/2,550,2000000
100 Darter (S.L. Industries),Piston,300,166,163,61,60,"1,085",1420,1340,"3,325","2,217",26/4,34/2,550,1700000
Citation CJ3 525B,Piston,300,167,163,54,58,"1,840",890,1050,"3,200","1,900",23/7,34/2,550,2100000
100 Darter (S.L. Industries),Piston,260,181,177,54,58,"1,500",990,825,"3,000","1,750",23/6,34/2,639,2250000
100 Darter (S.L. Industries),Piston,230,179,170,42,40,"1,400",1025,1150,"2,700","1,640",22/9,34/2,452,2000000
Citation I 500,Piston,190,174,157,38,40,"1,250",1270,1025,"2,600","1,575",23/0,34/2,435,2150000
100 Darter (S.L. Industries),Piston,150,147,130,38,40,"1,100",1350,975,"2,100","1,520",21/2,34/2,591,1950000
402C Business Liner II,Jet,"3,700",455,417,,6707,"4,059",5600,3300,"21,500","12,135",55/1,43/9,"1,715",5100000
"402,-A turbocharged",Jet,"3,700",457,,,6707,"4,380",4540,3109,"19,500","12,130",55/1,43/9,"1,715",5100000
100 Darter (S.L. Industries),Jet,"8,650",480,442,,16665,"4,200",5400,3300,"43,250","19,950",68/5,61/10,"3,391",4100000
100 Darter (S.L. Industries),Jet,"7,500",480,442,,14890,"3,400",5700,3300,"41,400","18,660",68/5,61/10,"2,991",4100000
T 310 P turbocharged,Jet,"3,500",491,460,99,7400,"4,340",4972,3075,"18,300","9,838",48/8,39/6,"2,289",4500000
310 Q,Jet,"3,500",477,441,105,7431,"5,100",4080,3105,"17,000","8,802",48/7,39/5,"2,289",4500000
100 Darter (S.L. Industries),Jet,"3,500",471,460,99,6198,"4,760",4972,3075,"18,300","9,838",48/8,39/6,"1,818",4500000
100 Darter (S.L. Industries),Jet,"3,500",477,441,105,6171,"5,100",4080,3105,"17,000","8,762",48/7,39/5,"1,818",4500000
100 Darter (S.L. Industries),Jet,"2,950",478,441,79,5373,"6,110",2880,2220,"15,000","8,157",47/7,43/9,"1,546",4790000
"310,-A",Jet,"2,950",475,441,79,4704,"6,350",2630,2220,"15,000","8,195",47/7,43/9,"1,450",4880000
"T 337 G-P II,H-P, Skymaster pressurized",Jet,"2,950",464,459,97,6098,"6,830",3937,2817,"15,000","7,950",47/7,35/7,"1,431",5100000
100 Darter (S.L. Industries),Jet,"2,950",464,441,104,6098,"6,050",5186,3090,"15,000","7,355",47/6,35/7,"1,450",4500000
T 337 E & F Skymaster turbocharged,Jet,"2,950",464,441,104,7464,"6,050",5186,3090,"15,000","7,233",47/6,35/7,"1,525",4500000
100 Darter (S.L. Industries),Jet,"2,950",477,442,90,6098,"6,050",5186,2703,"15,000","7,206",47/6,35/6,"1,385",4500000
T 337 C Skymaster turbocharged,Jet,"2,950",475,441,88,5628,"7,100",3297,2873,"13,500","7,130",43/3,35/6,"1,001",4500000
100 Darter (S.L. Industries),Jet,"2,950",477,441,88,4791,"7,220",3000,2789,"12,900","7,025",43/3,35/6,730,4500000
"337 G,H II Skymaster (prior '79 service ceiling=18,000)",Jet,"2,950",464,441,99,5628,"6,800",3917,2800,"13,500","6,988",43/3,35/7,"1,001",4500000
100 Darter (S.L. Industries),Jet,"2,950",477,442,87,840,"6,800",3917,2703,"13,500","6,803",43/3,35/6,"1,001",4500000
337 E Skymaster,Jet,"2,950",461,442,88,715,"6,900",3370,2850,"12,500","6,519",43/3,35/6,"1,385",4500000
100 Darter (S.L. Industries),Jet,"2,950",474,437,88,834,"6,300",3100,3307,"13,500","6,927",43/3,35/7,"1,001",4500000
337 C Skymaster,Jet,"2,850",469,417,90,847,"6,300",3100,3350,"13,000","7,090",43/2,35/7,"1,100",4100000
100 Darter (S.L. Industries),Jet,"2,850",488,423,89,828,"6,900",2940,2800,"12,500","6,700",43/2,35/7,"1,000",4100000
208 Caravan-675,Jet,"6,400",.92 Mach,511,,13000,"3,720",5710,3820,"35,700","21,400",72/2,63/9,"3,250",5100000
100 Darter (S.L. Industries),Jet,"4,000",.85 Mach,476,97,7385,"4,442",4690,2910,"22,450","13,700",55/5,53/5,"2,300",5100000
100 Darter (S.L. Industries),Jet,"3,650",473,,97,7385,"1,520",5150,2900,"22,000","12,775",55/5,53/5,"2,345",5100000
"T 210 K,L Turbo (K=9 mph less speed)",Jet,"3,650",472,461,97,7384,"3,699",5030,2900,"22,000","11,811",55/6,53/6,"2,600",5100000
100 Darter (S.L. Industries),Jet,"3,650",472,,89,7384,"3,909",4710,2560,"21,000","11,720",55/6,53/6,"2,600",5100000
T 210 F Turbo Centurion,Jet,"3,786",.76 Mach,429,82,6590,"3,090",3460,3315,"19,200","11,310",51/10,55/8,"2,027",nan
100 Darter (S.L. Industries),Jet,"3,400",.755 Mach,427,83,5440,"4,500",,,"16,830","9,977",48/9,54/1,"1,970",4500000
"210 M,NII (prior'78=less svc. ceil. & r/o/c=860)",Jet,"3,045",.76 Mach,430,82,5771,"4,230",3180,2800,"16,300","9,550",48/11,52/2,"1,960",nan
210 F Centurion,Jet,"2,887",.70 Mach,401,86,4860,"3,195",3600,3180,"14,800","8,925",47/2,52/2,"1,900",nan
100 Darter (S.L. Industries),Jet,"2,500",,403,82,5820,"3,000",3240,3050,"15,000","8,049",47/2,52/2,"2,104",4300000
100 Darter (S.L. Industries),Jet,"2,500",,385,82,5008,"3,370",2990,2270,"13,300","7,388",47/2,52/2,"1,930",4300000
T 207 (Stationair 7 & 8) '77=eng 310 hp,Jet,"2,500",,385,82,5009,"3,625",2650,2210,"12,500","7,181",47/2,52/2,"2,104",4300000
100 Darter (S.L. Industries),Jet,"2,820",.737 Mach,351,,4710,"2,460",,2770,"13,870","8,300",50/2,53/4,"1,875",4500000
"U206E,F, float ('75-'76 specs) '76=+4 gal fuel",Jet,"1,900",.71 Mach,380,85,3220,"3,311",3080,2750,"10,400","6,550",42/6,46/8,"1,485",4100000
"TU 206E,F (ski) (prior'76=4 gal more fuel)",Jet,"2,200",,357,82,3807,"2,719",2930,2270,"11,850","6,631",43/6,47/1,"1,325",4100000
"U206 E,F (ski) Super Skywagon",Jet,"2,200",,351,,3780,"2,680",2930,2270,"11,850","6,684",43/6,47/1,"1,325",4100000
100 Darter (S.L. Industries),Jet,"2,200",,348,85,3780,"2,900",2660,2300,"11,500",6454,43/6,43/11,"1,308",4100000
"TU 206E,F Stationair",Jet,"2,200",,348,84,3618,"2,900",2550,2310,"10,850","6,350",43/6,43/9,"1,064",3500000
100 Darter (S.L. Industries),Propjet,625,295,283,76,475,"2,435",2465,1875,"9,850","5,682",39/0,49/4,"2,193",3500000
"U206 F,G II ('75 up) '75 lgt=28/9 + prior'79 less fuel)",Propjet,450,263,,84,366,"1,861",2490,2150,"8,600","4,948",35/10,44/1,"1,248",3340000
100 Darter (S.L. Industries),Propjet,450,263,250,79,366,"2,027",2341,2145,"8,200","4,915",35/10,44/1,"1,461",3470000
U 206 A,Piston,375,257,241,74,213,"1,940",2323,2293,"7,450","5,048",36/5,41/1,"1,197",3020000
100 Darter (S.L. Industries),Piston,375,245,235,74,175,"1,850",2387,2178,"7,450","4,426",36/1,41/9,845,3100000
"TP 206A,B,C,D,E (E=35/10 span) (A=28/0 lgt)",Piston,375,240,227,76,175,"1,700",2516,2110,"6,840","4,252",33/8,39/9,826,2600000
100 Darter (S.L. Industries),Piston,375,240,222,76,170,"1,700",2516,2110,"6,800","4,237",33/5,39/9,826,2600000
206H Stationair,Piston,310,235,224,72,213,"1,520",2595,2393,"6,750","4,543",36/4,44/1,"1,099",3080000
100 Darter (S.L. Industries),Piston,310,239,224,70,102,"1,580",2350,1865,"6,350","4,039",33/9,39/11,"1,090",3010000
P 206 Super Skylane,Piston,340,231,214,72,175,"1,900",2010,1851,"6,500","3,865",33/5,39/9,908,2600000
100 Darter (S.L. Industries),Piston,375,232,217,70,348,"1,575",2367,2130,"8,400","4,965",39/6,46/4,553,2600000
195 B,Piston,325,230,213,68,213,"1,450",2195,2485,"6,850","4,238",36/4,44/1,875,2690000
100 Darter (S.L. Industries),Piston,300,229,210,70,102,"1,610",2220,1765,"6,300","4,038",36/1,39/11,"1,180",2618000
195,Piston,300,227,209,69,102,"1,610",2220,1765,"6,300","3,719",35/8,39/9,833,2618000
100 Darter (S.L. Industries),Piston,300,227,209,69,102,"1,610",2220,1765,"6,300","3,674",33/8,39/9,"1,102",2618000
T 188C Ag Husky (prior'81=4 mph less),Piston,310,243,229,71,102,"1,650",2175,1850,"5,990","4,184",34/4,38/1,"1,106",2980000
100 Darter (S.L. Industries),Piston,285,226,210,71,102,"1,500",2430,1840,"5,975","3,730",34/4,38/1,"1,258",2650000
A188B Ag Wagon ('79 & up) dispersal sys,Piston,300,230,215,71,102,"1,400",2365,1850,"5,990","3,963",34/4,38/1,928,2680000
100 Darter (S.L. Industries),Piston,285,239,226,64,102,"1,924",1515,1734,"5,300","3,273",29/6,36/9,735,2900000
A188 Ag Wagon restricted (prior'77=7/10 hgt),Piston,260,229,213,63,102,"1,820",1584,1910,"5,200","3,260",29/6,36/9,735,2810000
100 Darter (S.L. Industries),Piston,260,230,204,68,102,"1,820",1890,2056,"4,990","3,190",29/5,36/9,740,2810000
188 Ag Pickup fixed-prop ('72) restricted,Piston,285,237,223,70,102,"1,700",1662,1790,"5,500","3,723",31/11,36/11,517,2740000
100 Darter (S.L. Industries),Piston,285,238,225,67,102,"1,790",1662,1790,"5,500","3,292",29/6,36/9,807,2820000
"188A,B Ag Wagon ('67-'71) fixed-prop normal",Piston,285,239,226,66,102,"1,862",1590,1790,"5,400","3,292",29/3,36/9,807,2860000
100 Darter (S.L. Industries),Piston,285,207,194,70,102,"1,662",1700,1790,"5,500","3,603",31/11,36/11,661,1975000
A185 F (float) (prior '79 = 4-8 gal less fuel),Piston,260,205,192,63,102,"1,495",1795,1697,"5,300","3,214",29/6,36/9,680,1950000
A185 F II Skywagon (prior '81=less perform),Piston,260,206,193,62,102,"1,540",1716,1673,"5,200","3,170",29/2,36/9,676,1990000
100 Darter (S.L. Industries),Piston,260,206,193,65,102,"1,540",1716,1582,"5,200","3,125",29/5,36/11,676,1990000
185 E Skywagon,Piston,260,207,194,65,102,"1,590",1640,1540,"5,100","3,094",29/6,36/11,687,2030000
100 Darter (S.L. Industries),Piston,260,209,194,65,102,"1,690",1545,1900,"5,100","3,063",29/5,37/5,687,2110000
R182 II RG Turbo Skylane,Piston,260,210,191,73,102,"1,800",1395,1720,"4,990","3,049",29/5,36/9,678,2130000
100 Darter (S.L. Industries),Piston,240,191,178,71,102,"1,700",1375,1710,"4,600","2,850",27/1,36/1,640,1950000
T-182R II Turbo Skylane,Piston,250,216,180,62,155,"1,480",1750,1450,"5,000","3,305",30/5,38/10,835,2500000
100 Darter (S.L. Industries),Piston,225,211,204,62,150,"1,170",1500,1675,"4,700","3,184",29/10,38/2,939,2000000
182T Skylane,Piston,210,207,200,62,90,"1,160",1675,1650,"4,630","3,038",29/10,38/2,"1,080",2000000
100 Darter (S.L. Industries),Piston,210,200,194,61,93,"1,105",1675,1650,"4,630","2,850",29/10,38/2,920,2930000
182R II (1981 & up),Piston,210,201,195,61,93,"1,155",1595,1650,"4,500","2,815",29/10,38/0,920,3010000
100 Darter (S.L. Industries),Piston,210,201,195,59,93,"1,155",1595,1520,"4,500","2,795",29/10,38/0,920,3010000
182 N Skylane,Piston,210,202,196,57,93,"1,250",1490,1500,"4,300","2,785",29/1,38/0,920,3100000
100 Darter (S.L. Industries),Piston,210,172,169,61,90,940,1675,1650,"4,630","2,925",29/9,38/2,"1,139",1630000
"182 E,F,G,H",Piston,210,173,165,61,93,"1,100",1675,1650,"4,630","2,695",29/9,38/2,920,1800000
100 Darter (S.L. Industries),Piston,210,173,166,60,93,"1,180",1565,1650,"4,440","2,660",29/9,38/2,922,1930000
182,Piston,210,173,166,60,93,"1,200",1545,1650,"4,400","2,655",29/9,38/0,920,1950000
100 Darter (S.L. Industries),Piston,210,173,166,58,93,"1,200",1545,1520,"4,400","2,650",29/9,38/0,922,1950000
"180J,K amphib prior'76=4 gal more fuel (range w/80 gal fuel)",Piston,210,174,167,57,93,"1,250",1490,1500,"4,300","2,615",29/9,38/0,922,2000000
100 Darter (S.L. Industries),Piston,210,174,167,55,93,"1,200",1435,1465,"4,200","2,615",29/9,38/0,922,2050000
"180J,K (ski) (prior'79=15,600 serv. ceil, less fuel)",Piston,210,159,150,52,93,"1,300",1145,1395,"3,900","2,320",29/7,38/0,880,1900000
100 Darter (S.L. Industries),Propjet,675,182,154,61,335,"1,234",2053,1655,"8,000","3,973",37/6,52/1,866,2500000
180,Propjet,675,186,154,61,335,975,2420,1880,"8,750","4,765",41/7,52/1,810,2370000
100 Darter (S.L. Industries),Piston,310,235,235,60,388,1400,,,3600,2350,25/2,36,1270,2500000
177 RG Cardinal,Piston,325,224,212,55,85,"1,150",2110,1600,"4,100","2,471",28/4,38/10,715,2500000
100 Darter (S.L. Industries),Piston,310,201,191,58,90,945,2160,1500,"4,000","2,481",28/2,36/9,661,2300000
177 B (thru'74)'70-'71 lgt=27/0 & hgt=9/1,Piston,325,224,207,55,87,"1,150",2110,1600,"4,100","2,320",28/4,38/10,715,2900000
100 Darter (S.L. Industries),Piston,310,204,192,58,90,930,2160,1500,"4,000","2,303",28/2,36/9,715,2700000
177 Cardinal,Piston,310,204,197,57,90,"1,030",1900,1500,"3,800","2,306",28/2,36/9,732,2850000
100 Darter (S.L. Industries),Piston,285,205,187,57,90,930,2030,1500,"3,800","2,180",28/3,36/9,732,2850000
"175,-A,-B",Piston,285,203,194,55,89,"1,115",1365,1355,"3,400","2,050",28/3,36/9,739,3020000
100 Darter (S.L. Industries),Piston,285,200,191,54,65,"1,280",1265,1340,"3,300","1,965",28/0,36/7,539,3130000
172 Q Cutlass,Piston,300,175,,53,87,"1,060",2050,1585,"3,850","2,220",28/2,38/10,600,1600000
100 Darter (S.L. Industries),Piston,300,174,170,57,90,950,2030,1500,"3,800","2,219",28/2,36/9,600,1730000
172S Skyhawk SP,Piston,285,174,167,55,90,"1,000",1365,1355,"3,400","1,960",28/3,36/9,760,1830000
100 Darter (S.L. Industries),Piston,285,172,165,54,65,"1,115",1265,1340,"3,300","1,865",28/0,36/7,640,1990000
172 P II Skyhawk,Piston,285,173,166,53,65,"1,210",1110,1275,"3,100","1,860",28/4,36/7,640,2100000
100 Darter (S.L. Industries),Piston,260,170,160,52,65,"1,270",1210,1110,"3,000","1,780",27/3,36/6,680,2030000
172 M Skyhawk ('76=4 mph more speed),Piston,260,173,165,51,65,"1,300",1135,1190,"2,900","1,740",27/3,36/5,700,2070000
100 Darter (S.L. Industries),Piston,310,170,161,59,61,885,1860,1500,"3,800","2,254",32/2,35/10,583,2600000
R172K/Hawk XP (floats),Piston,300,150,143,59,61,810,1970,1500,"3,800","2,177",32/2,35/10,612,1330000
100 Darter (S.L. Industries),Piston,310,155,135,52,92,835,2790,1750,"3,600","2,404",29/8,35/10,640,2560000
172 M (float plane 1974-76),Piston,285,157,143,50,65,950,2400,1610,"3,600","2,295",28/6,35/10,626,2420000
100 Darter (S.L. Industries),Piston,300,137,131,51,92,925,2820,1675,"3,500","2,342",29/8,35/10,680,1390000
172 K & L float plane,Piston,300,136,130,53,61,855,2475,1570,"3,500","2,312",29/8,35/10,580,1390000
100 Darter (S.L. Industries),Piston,300,136,131,49,65,855,2475,1570,"3,500","2,200",28/6,35/10,510,1390000
"172,-D,-E,-F,-G,-H",Piston,300,136,131,,65,855,2475,1570,"3,500","2,060",28/6,36/10,510,1390000
100 Darter (S.L. Industries),Piston,285,145,132,61,65,920,,,"3,300","2,165",28/8,35/10,626,2350000
100 Darter (S.L. Industries),Piston,300,121,119,52,65,800,,,"3,300","2,065",28/8,35/10,510,1150000
"170,-A,-B",Piston,310,174,152,54,92,"1,010",1640,1395,"3,600","2,066",28/3,35/10,640,2700000
100 Darter (S.L. Industries),Piston,285,174,148,53,65,"1,030",1810,1395,"3,600","1,935",28/9,35/10,580,2630000
"150M, A150M (Aerobat span=32/9)",Piston,285,174,160,53,65,"1,030",1810,1395,"3,600","1,795",27/8,36/7,627,2630000
100 Darter (S.L. Industries),Piston,300,156,147,54,92,920,1780,1395,"3,600","2,002",28/3,35/10,680,1480000
A 150 L Aerobat (1974),Piston,300,151,143,53,65,920,1780,1395,"3,600","1,725",28/8,36/7,510,1480000
100 Darter (S.L. Industries),Piston,285,151,142,53,65,920,1810,1340,"3,600","1,795",27/9,36/7,555,1480000
"150 H,J,K (K=8/8 height)",Piston,285,154,144,52,65,"1,075",1265,1340,"3,300","1,760",27/9,36/7,563,1670000
100 Darter (S.L. Industries),Piston,285,174,160,53,65,"1,030",1810,1395,"3,600","1,915",28/3,36/7,609,2630000
"150 D,-E,-F,-G",Piston,310,178,150,54,92,"1,050",1740,1395,"3,600","2,351",28/3,36/0,713,2700000
100 Darter (S.L. Industries),Piston,300,151,142,54,92,988,1860,1395,"3,600","2,351",28/3,36/0,713,1570000
150,Piston,285,151,142,53,65,920,1810,1395,"3,600","1,820",28/3,36/7,555,1480000
100 Darter (S.L. Industries),Piston,285,154,143,52,65,"1,075",1265,1340,"3,300","1,790",28/2,36/6,565,1670000
140,Piston,260,145,138,50,65,965,1465,1510,"3,300","1,750",27/3,36/6,515,1610000
100 Darter (S.L. Industries),Piston,275,152,143,54,80,"1,135",1605,1495,"3,350","2,050",27/3,36/2,583,1625000
Vision Jet SF50,Piston,245,153,139,56,80,"1,050",1670,1495,"3,350","2,030",27/3,36/2,603,1600000
Columbia 400 LC-41,Piston,300,157,148,55,80,"1,090",1670,1495,"3,350","2,050",27/3,36/2,600,1600000
Columbia 350 LC-42,Piston,240,153,139,56,80,"1,090",1670,1495,"3,350","2,015",27/3,36/2,610,1600000
100 Darter (S.L. Industries),Piston,310,113,106,58,54,510,2060,1265,"4,400","2,322",26/6,41/8,283,1400000
115TC,Piston,300,106,101,57,54,465,2250,1265,"4,200","2,230",25/11,41/8,290,780000
100 Darter (S.L. Industries),Piston,300,107,103,55,54,525,1965,1265,"4,000","2,179",25/11,40/9,290,870000
114TC,Piston,300,105,98,50,54,690,1090,1265,"4,200","2,220",26/3,41/8,290,1110000
100 Darter (S.L. Industries),Piston,300,105,98,50,37,690,1090,1265,"4,000","2,189",26/3,40/9,278,1110000
"114,('76-24/10 length + less performance)",Piston,230,91,78,50,37,400,1920,1265,"3,800","1,900",25/3,40/9,204,650000
100 Darter (S.L. Industries),Piston,230,94,83,50,37,460,1740,1265,"3,800","1,835",25/3,40/9,204,770000
112B,Piston,300,131,123,50,37,940,970,1265,"3,300","1,845",26/3,40/4,278,1570000
100 Darter (S.L. Industries),Piston,230,103,101,50,37,710,1365,1265,"3,300","1,815",25/3,40/4,204,1300000
112,Piston,300,136,130,50,88,950,1710,1480,"3,100","2,253",27/6,35/10,500,1610000
Top Cub,Piston,300,141,134,52,88,960,2125,1565,"3,320","1,998",27/0,35/10,522,1640000
100 Darter (S.L. Industries),Piston,300,155,145,49,88,"1,075",1430,1400,"3,350","1,750",25/8,35/10,645,1790000
Falcon 900 (3-eng fan jet),Piston,300,155,147,51,65,"1,040",1330,1400,"3,350","1,565",25/6,36/2,470,1750000
100 Darter (S.L. Industries),Piston,300,153,145,54,65,950,1290,1285,"3,300","1,560",25/6,36/2,470,1690000
Falcon 200,Piston,260,153,145,54,65,"1,000",1510,1265,"3,200","1,520",25/5,36/0,561,1730000
100 Darter (S.L. Industries),Piston,235,187,173,50,92,"1,040",1570,1320,"3,100","1,846",28/8,35/10,845,2000000
Falcon Fan Jet D 20,Piston,235,160,156,50,92,"1,140",1570,1320,"3,100","1,809",28/8,35/10,845,1800000
100 Darter (S.L. Industries),Piston,235,168,157,49,92,965,1475,1350,"3,100","1,781",28/5,35/10,743,2000000
Falcon F 20,Piston,235,176,159,49,92,"1,040",1385,1350,"3,100","2,075",29/0,36/0,971,2000000
100 Darter (S.L. Industries),Piston,230,150,145,49,92,924,1514,1350,"3,100","1,970",29/0,36/0,930,1810000
Falcon Fan Jet 10,Piston,230,143,140,46,88,924,1625,1280,"3,110","1,882",28/0,16/0,813,1810000
100 Darter (S.L. Industries),Piston,230,146,142,49,92,865,1515,1350,"3,100","1,775",28/0,35/10,817,1490000
DHC 6-300 Twin Otter Std. + '77-'78=less perf.,Piston,230,148,143,50,92,"1,010",1350,1350,"2,950","1,754",28/0,35/10,817,1650000
100 Darter (S.L. Industries),Piston,230,146,139,50,65,890,1350,1350,"2,950","1,640",28/1,35/10,550,1770000
DHC 6-200 Twin Otter,Piston,230,148,141,48,65,980,1205,1350,"2,800","1,620",28/5,36/2,550,1890000
Twin Star Diamond DA42,Piston,230,148,141,48,65,980,1205,1350,"2,800","1,610",27/4,36/2,550,1890000
100 Darter (S.L. Industries),Piston,230,148,141,54,55,"1,030",1080,1310,"2,650","1,560",26/0,36/0,450,1980000
Katana DA20-C1,Piston,230,143,135,54,55,"1,120",1020,1290,"2,550","1,540",26/0,36/0,443,2010000
100 Darter (S.L. Industries),Piston,230,137,123,48,88,970,1900,1720,"2,950","2,204",27/6,35/10,804,1530000
100 Darter (S.L. Industries),Piston,230,137,123,48,61,990,2070,1720,"2,950","2,110",27/6,35/10,804,1600000
TB-21 TC Trinidad,Piston,230,137,123,48,61,990,2070,1720,"2,950","1,955",27/0,35/10,804,1600000
100 Darter (S.L. Industries),Piston,230,137,123,48,88,910,,,"2,800","1,790",28/10,35/10,804,1470000
TB-200XL,Piston,230,148,141,48,88,"1,100",1205,1365,"2,800","1,701",25/8,35/10,804,1770000
100 Darter (S.L. Industries),Piston,230,148,141,50,65,"1,090",1205,1365,"2,800","1,525",25/6,36/2,622,1960000
TB-9 Tampico Club,Piston,230,148,139,54,55,"1,130",1080,1330,"2,650","1,555",26/0,36/0,513,2150000
Eclipse 500,Piston,225,144,137,51,55,"1,110",1095,1310,"2,550","1,540",26/0,36/0,513,2120000
100 Darter (S.L. Industries),Piston,200,157,149,50,61,925,1585,1350,"2,800","1,765",27/3,35/6,500,1710000
Eurofox,Piston,200,153,144,50,51,860,1585,1350,"2,800","1,630",27/3,35/6,506,1690000
Excalibur '800' conv. Beech Twin Bonanza,Piston,180,139,130,46,50,840,1400,1220,"2,500","1,643",27/3,35/6,490,1460000
Excalibur conv. Beech Twin Bonanza,Piston,180,133,123,46,50,840,1400,1220,"2,500","1,485",27/3,35/6,417,1460000
100 Darter (S.L. Industries),Piston,180,130,120,49,49,760,1575,1220,"2,500","1,440",27/0,35/7,410,1580000
"Queen Air '8800' conv. Beech A80,B80",Piston,150,125,117,46,49,670,1575,1135,"2,350","1,415",27/0,35/7,591,1270000
"Metro III,A",Piston,175,123,118,56,52,790,1450,1170,"2,450","1,325",25/0,36/0,589,1450000
"Metro, II (prior '79 height=16/10)",Piston,175,128,121,54,52,850,1340,1155,"2,350","1,312",25/0,36/0,593,1590000
100 Darter (S.L. Industries),Piston,180,144,140,50,66,800,1775,1340,"2,650","1,627",27/5,35/10,720,1680000
Merlin IV C,Piston,180,123,122,48,54,680,1690,1335,"2,550","1,480",26/11,36/1,475,1700000
100 Darter (S.L. Industries),Piston,195,132,130,47,52,870,1360,1345,"2,550","1,572",27/2,35/10,570,1700000
Fairchild 300,Piston,180,126,124,48,56,730,1630,1335,"2,550","1,663",27/2,36/1,638,1400000
100 Darter (S.L. Industries),piston,160,123,122,47,53,720,1685,1295,"2,457","1,600",26/11,36/1,580,1350000
"Merlin III C-23 (12,500 gross) (SN TT426 & up)",Piston,160,123,120,46,43,700,1625,1280,"2,400","1,454",26/11,35/10,440,1300000
100 Darter (S.L. Industries),Piston,160,124,122,44,43,770,1390,1250,"2,300","1,430",26/11,35/10,440,1420000
Merlin III A,Piston,150,122,115,44,42,645,1525,1250,"2,300","1,335",26/11,35/10,435,1310000
100 Darter (S.L. Industries),Piston,150,122,115,43,42,645,1525,1250,"2,300","1,315",26/11,35/9,417,1310000
Merlin II A,Piston,195,117,116,44,52,870,1850,1390,"2,550","1,834",26/10,35/10,539,1550000
CTSW,Piston,160,96,95,44,43,740,2160,1345,"2,220","1,632",26/8,35/10,440,1500000
800XP,Piston,150,98,97,44,42,715,2390,1345,"2,220","1,574",27/0,35/10,435,1200000
100 Darter (S.L. Industries),Piston,150,94,92,45,42,580,2390,1345,"2,220","1,450",27/0,35/9,435,1200000
G V,Piston,150,94,92,45,42,580,2390,1345,"2,220","1,405",26/7,35/9,418,1200000
100 Darter (S.L. Industries),Piston,150,122,115,43,42,645,1525,1250,"2,300","1,300",26/11,36/2,515,1310000
G IV,Piston,145,121,114,43,42,645,1525,1250,"2,300","1,330",26/6,36/2,515,1310000
100 Darter (S.L. Industries),Piston,145,121,114,43,42,675,1450,1200,"2,250","1,330",26/5,36/0,515,1420000
100 Darter (S.L. Industries),Piston,145,122,114,51,42,730,1370,1115,"2,200","1,325",26/5,36/0,515,1510000
GII (G1159) with tip tanks,Piston,145,117,108,50,37,660,1650,1115,"2,200","1,260",25/0,36/0,420,1330000
100 Darter (S.L. Industries),Piston,145,122,104,50,42,690,1820,1145,"2,200","1,205",25/0,36/0,410,1550000
GI (G-159) ceiling quoted w/APU,Piston,110,110,107,43,26,715,1340,1200,"1,670","1,141",24/1,33/2,315,1470000
"HS125-700,A (Hawk-Sidd mfg) ('77=24,200 gross)",Piston,100,109,106,42,26,670,1385,1075,"1,600","1,104",23/11,33/2,303,1400000
100 Darter (S.L. Industries),Piston,100,106,102,42,26,670,1385,1075,"1,600","1,060",23/9,33/2,303,1265000
BH-124-400A (Beech mfg),Piston,100,108,103,42,26,670,1385,1075,"1,600","1,040",23/9,32/9,303,1400000
100 Darter (S.L. Industries),Piston,100,104,100,42,26,670,1385,1075,"1,600","1,020",23/9,32/9,303,1265000
1124A Westwind 2,Piston,100,106,102,42,26,670,1385,1075,"1,600","1,065",23/9,32/9,303,1265000
100 Darter (S.L. Industries),Piston,100,90,85,43,26,560,2075,850,"1,650","1,120",24/1,32/9,276,1070000
1123 Commodore Jet,Piston,100,109,102,43,26,670,1375,1075,"1,600",970,23/9,32/8,303,1265000
100 Darter (S.L. Industries),Piston,100,108,105,43,26,740,1205,1055,"1,500",965,21/1,33/4,320,1530000
1121 Jet Commander,Piston,100,108,104,47,26,740,1205,1055,"1,500",962,21/0,33/4,318,1530000
J250-SP,Piston,90,103,90,46,21,640,1850,1530,"1,500",850,20/9,33/3,315,1560000
J230-SP,Piston,85,102,88,46,21,620,1950,1530,"1,500",850,20/9,33/3,315,1510000
LA-4 Amphibian,Piston,85,104,100,43,25,640,1850,1530,"1,450",818,20/9,32/8,390,1550000
C-1 Amphibian,Jet,1846,311,305,67,2000,1609,3192,,6000,3550,30/7,38/7,1275,3100000
LA-4-200 Buccaneer (land specs),Piston,310,235,181,57,106,,1250,2350,"3,600","2,500",25/2,35/8,"1,300",2500000
XL2,Piston,310,235,179,57,106,,1250,2350,"3,400",2.3,25/2,35/8,"1,300",1800000
Jetstar -8,Piston,310,235,190,57,106,,1250,2350,"3,400","2,250",25/2,36,"1,300",1800000
100 Darter (S.L. Industries),Piston,270,197,187,59,90,"1,050",2223,1312,"3,305","2,152",24/11,32/10,870,2500000
8:00 AM,Piston,265,164,149,54,90,"1,070",1985,1200,"3,250","2,102",24/11,32/10,"1,005",1680000
Superstar I (601P Aerostar),Piston,270,197,177,59,90,"1,050",2223,1312,"3,305","2,151",24/11,32/9,870,2500000
MX-7-160,Piston,260,166,157,54,68,"1,030",2150,1200,"3,260","2,070",25/1,32/9,665,1650000
MX-7-180A,Piston,260,166,157,55,68,"1,088",1990,1200,"3,140","1,905",25/1,32/9,665,1740000
M-7-235,Piston,210,170,163,54,48,914,1750,1275,"2,950","2,035",25/1,35/7,620,2000000
100 Darter (S.L. Industries),Piston,200,150,142,51,48,950,1829,1039,"2,800","1,773",25/1,35/7,575,1505000
M-5-235C,Piston,200,149,140,54,48,"1,020",1585,1310,"2,650","1,691",24/10,32/9,569,1390000
100 Darter (S.L. Industries),Piston,200,152,143,53,60,"1,000",1460,1310,"2,550","1,530",24/11,32/9,750,1700000
100 Darter (S.L. Industries),Piston,180,132,110,42,54,800,,,"2,300","1,200",23/6,35/2,555,1800000
M-5-180C,Piston,100,122,103,27,25,790,975,1040,"1,320",825,23/3,34/2,434,1800000
MU-300 Diamond II,Jet,"4,750",513,459,81,19165,"4,000",4950,3500,"45,500","22,573",66/4,63/5,"4,400",4100000
100 Darter (S.L. Industries),Jet,"4,500",513,459,81,19165,"3,500",5300,3500,"45,500","22,573",66/4,63/5,"4,200",3900000
MU-300 Diamond I,Jet,"3,700",518,430,77,15520,"3,430",4700,2800,"38,800","21,100",60/9,61/10,"3,500",4100000
100 Darter (S.L. Industries),Jet,"5,200",521,435,89,10684,"3,065",5260,2860,"32,000","18,800",56/3,53/6,"2,500",3900000
"MU-2L,-2N (-2N empty weight=7,760)",Jet,"4,125",530,457,90,8420,"3,500",3800,2940,"26,455","16,600",56/3,53/6,"1,200",4200000
100 Darter (S.L. Industries),Jet,"4,250",512,457,90,8980,"3,500",6400,4850,"27,337","15,400",56/3,53/6,"1,630",4200000
MU-2J,Jet,"4,315",530,458,84.5,9250,"3,300",5000,3300,"28,660","15,970",56/3,53/6,"1,610",4200000
100 Darter (S.L. Industries),Jet,"4,500",530,410,88,9098,"3,330",4950,2450,"28,660","17,500",56/3,53/6,"1,614",3700000
MU-2F,Jet,"3,230",513,459,84,5912,"4,600",4615,2750,"19,300","11,200",45/6,42/11,"1,828",3900000
100 Darter (S.L. Industries),Jet,"3,230",513,459,88,5912,"4,600",4615,2750,"18,740","10,800",45/6,42/11,"1,828",4500000
Acclaim (M20TN),Jet,"3,230",459,426,92,5910,"4,200",4300,3300,"18,300","10,800",45/4,42/11,"1,800",4500000
TLS (M20M),Propjet,620,182,170,58,2583,"1,600",1500,1940,"12,500","6,881",51/9,65/0,300,2670000
100 Darter (S.L. Industries),Propjet,620,182,171,64,2457,"1,600",1940,1940,"12,500","7,487",51/9,65/0,300,2670000
PFM (M20L),Propjet,579,165,150,57,2457,"1,300",1900,1995,"11,579","7,250",51/9,65/0,,2430000
Encore (MS20K),Piston,135,194,172,56,52,"1,280",1730,1877,"3,935","2,765",28/1,44/6,"1,129",1800000
100 Darter (S.L. Industries),Piston,81,161,117,37,20,680,1560,1490,"1,609","1,095",23/6,35/7,526,nan
205 (M20J),Piston,125,163,132,34,25,"1,105",1263,1235,"1,654","1,166",23/6,35/8,422,nan
M-20C Ranger ('77-'78),Propjet,850,320,255,,1887,"1,380",2840,2430,"7,394","4,698",34/11,41/7,"1,520",3100000
M-20-E Super 21 Chaparral,Propjet,700,300,291,61,1887,"2,380",1591,2034,"6,579","4,050",34/11,41/7,"1,563",3000000
100 Darter (S.L. Industries),Piston,250,200,187,54,86,"1,125",1953,1750,"3,083","1,795",25/4,32/6,,2500000
M-20-B Mark 21,Piston,250,167,160,54,86,"1,260",1953,1750,"3,083","1,744",25/4,32/6,"1,100",2000000
100 Darter (S.L. Industries),Piston,200,,115,,55,937,1561,1474,"2,535","1,642",25/5,32/10,637,1600000
M-20-Mark 20,Piston,180,132,117,51,54,790,1657,1394,"2,535","1,477",25/0,32/0,,1300000
100 Darter (S.L. Industries),Piston,160,,106,50,41,738,1706,1378,"2,337","1,411",25/3,32/0,,1100000
H-Rangemaster (1975-'76),Jet,900,.64 Mach,426,69,1686,"3,314",2297,2155,"5,920","3,550",33/6,37/11,"1,300",4100000
100 Darter (S.L. Industries),Propjet,750,221,181,71,440,"1,650",4000,4400,"13,007","8,007",49/6,50/3,,2150000
100 Darter (S.L. Industries),Piston,100,164,120,46,23,"1,000",,,"1,235",644,18/7,29/11,600,1400000
100 Darter (S.L. Industries),Piston,400,226,213,71,230,"1,870",1525,1940,"7,600","5,100",31/5,46/0,,2220000
PA-31-350 Chieftain ('81=optional fuel),Piston,380,239,226,71,230,"1,900",1225,1840,"7,300","4,500",31/5,46/0,,3000000
100 Darter (S.L. Industries),Piston,400,213,201,68,230,"1,535",1706,2176,"8,000","5,400",N/C,N/C,,2220000
"PA-31-310 Turbo Navajo B,C (prior '80 less fuel)",Piston,400,213,201,70,264,"1,490",2050,2450,"8,800","5,800",N/C,N/C,,2000000
PA-31-300 Navajo,Propjet,"1,000",280,248,88,648,"2,635",3495,,"14,500","8,737",59/4,57/0,"1,827",2990000
100 Darter (S.L. Industries),Propjet,940wet,,256,86,648,"2,400",2050,1970,"12,500","8,000",59/4,46/3,"1,250",2700000
PA-23 E Turbo Aztec (1971 length=30/2),Propjet,"1,000",278,248,88,648,"2,635",3340,2970,"14,500","9,200",59/4,57/0,"2,040",2990000
100 Darter (S.L. Industries),Propjet,1000 dry,283,261,87,648,"2,440",2850,2532,"14,000","9,100",59/4,57/0,"2,040",3000000
"PA-23 D,E Aztec (prior '72 length=30/2)",Propjet,840,270,,86,544,"2,400",2050,1970,"12,500","8,200",59/4,46/3,"1,815",2700000
100 Darter (S.L. Industries),Propjet,900,303,264,92,648,"2,650",3080,2805,"13,230","8,200",42/2,47/11,"2,178",2940000
PA-23 C Aztec,Propjet,900,300,265,92,648,"2,650",2920,3530,"13,230","8,150",42/2,46/3,"2,025",2700000
100 Darter (S.L. Industries),Propjet,900,303,264,89,648,"2,800",2400,3360,"12,500","8,090",42/2,46/3,"2,025",2940000
"PA34-180, Seneca V",Propjet,900,309,295,89,648,"2,780",2970,3240,"12,500","7,800",42/2,46/3,"2,025",3140000
100 Darter (S.L. Industries),Propjet,840,283,,83,648,"2,530",2150,1570,"12,500","7,600",42/2,46/3,"2,670",2890000
PA-34-220T Seneca III (roc=t/o power),Propjet,665,,257,76,386,"2,780",2970,3240,"10,000","6,150",40/1,45/10,"1,318",2990000
100 Darter (S.L. Industries),Propjet,550,,235,75,386,"1,950",2300,2380,"9,800","6,075",40/1,45/10,"1,250",3100000
100 Darter (S.L. Industries),Piston,100,120,112,39,34,960,,,"1,320",649,20/4,28,1080,1400000
100 Darter (S.L. Industries),Piston,100,145,119,35,29,850,1050,1100,"1,320",760,20/4,31/6,730,1320000
PA-39 C/R Turbo Twin Comanche,Piston,100,133,116,36,18,850,1450,1410,"1,320",820,20/6,20/6,400,1320000
PA-30 B Turbo Twin Comanche,Jet,"14,750",516,459,,41000,,5870,2950,"89,400","46,800",96/5,93/6,"6,500",5100000
100 Darter (S.L. Industries),Jet,"13,850",505,459,115,29500,"4,122",5450,3190,"75,000","42,500",88/4,77/10,"4,220",4500000
PA-23-150 Apache,Jet,"13,850",510,459,108,29500,"4,219",5265,3393,"73,200","42,500",88/4,77/10,"4,420",4500000
100 Darter (S.L. Industries),Jet,"11,400",503,459,104,28300,"4,049",5115,3250,"69,700","38,000",83/1,77/10,"3,767",4500000
100 Darter (S.L. Industries),Jet,"11,400",503,459,103,28300,"4,049",5115,3250,"69,700","38,150",79/11,77/10,"3,680",4500000
PA-24-C 260 Comanche,Jet,"11,400",503,459,103,26800,"4,240",5750,3168,"65,500","37,186",79/11,72/6,"2,795",4500000
100 Darter (S.L. Industries),Jet,"11,400",503,459,108,23300,"4,345",5625,3198,"64,800","36,544",79/11,68/11,"2,592",4500000
PA-32R-301T Saratoga II TC,Propjet,"1,950",340,299,87,10463,"1,900",,,"36,000","23,008",63/9,78/4,"2,164",3000000
100 Darter (S.L. Industries),Jet,"3,700",443,400,87,9450,"3,000",5800,3600,"24,800","14,150",50/9,47/0,,4100000
PA-32-300 '73-74 hgt=7/9 ('79 fuel=94 gal),Jet,"3,750",456,435,83,9450,"4,500",4850,2125,"25,000","12,865",50/6,47/0,,4100000
100 Darter (S.L. Industries),Jet,"3,360",443,385,77,9100,"3,100",5000,1990,"23,300","11,920",47/5,47/0,,4100000
PA-32-260 ('74-'78) 1974 height=7/9,Jet,"3,360",443,385,79,9100,"4,150",3800,2450,"22,700","12,000",47/5,47/0,,4100000
100 Darter (S.L. Industries),Jet,"3,700",476,415,89,9580,"3,500",5250,2350,"23,500","12,800",52/3,44/9,"2,904",4500000
"PA-28R-,RT-,201T Turbo Arrow III, IV",Jet,"3,700",471,426,90,8710,"3,200",4950,2450,"22,850","12,500",52/3,44/9,"2,440",4500000
100 Darter (S.L. Industries),Jet,"3,100",471,426,87,8620,"4,040",5750,2900,"20,700","11,500",52/3,44/8,"1,450",4500000
PA-28-200R Arrow II (1973-'76),Jet,"2,950",471,426,84,7350,"5,000",5450,3900,"18,500","10,500",50/5,43/3,"1,100",4500000
100 Darter (S.L. Industries),Jet,"2,850",471,426,82,6250,"4,400",5400,3900,"17,500","10,500",50/5,43/3,950,4000000
100 Darter (S.L. Industries),Piston,120,125,120,39,36,700,,,"1,320",780,21/5,30/0,840,1500000
PA-28 180 Challenger & Archer,Piston,120,130,120,39,35,700,,,"1,320",800,21/5,32/5,800,1500000
100 Darter (S.L. Industries),Piston,180,122,114,39,40,800,1275,900,"2,400","1,555",24/11,38/0,296,1300000
PA-28 C 150 Cherokee,Piston,180,123,117,45,30,800,1375,900,"2,350","1,520",23/6,34/0,305,1350000
100 Darter (S.L. Industries),Piston,150,109,97,50,30,700,1550,900,"2,150","1,450",23/6,34/0,320,950000
"PA-28 150,B 150 Cherokee",Piston,180,125,122,39,40,"1,000",1250,,"2,400","1,345",24/11,38/0,296,1350000
100 Darter (S.L. Industries),Piston,180,149,143,39,40,800,1275,900,"2,400","1,575",24/11,38/0,543,2000000
PA-28-151 Warrior (prior '77 stall=58),Piston,200,,130,39,40,"1,200",875,900,"2,600","1,535",24/11,38/0,455,1470000
100 Darter (S.L. Industries),Piston,200,135,130,39,40,"1,200",1050,950,"2,690","1,555",24/11,38/0,455,1470000
PA-36-375 Brave (spray restr. category),Piston,125,162,125,49,30,682,1496,1519,"1,750","1,160",20/4,28/9,505,nan
"PA-25 235 C,D Pawnee (normal category)",Jet,"3,300",496,435,106,2660,"4,050",,3440,"41,900","20,999",60/5,54/5,,4300000
100 Darter (S.L. Industries),Piston,90,96,83,37,25,660,1850,1540,"1,400",870,20/0,35/0,273,1600000
PA-22 135 Tri-Pacer,Piston,85,91,83,37,30,640,1850,1540,"1,400",791,19/8,34/7,346,1550000
100 Darter (S.L. Industries),Piston,65,91,78,37,14,550,1950,1540,"1,260",750,19/8,34/7,182,1400000
PA-18 150 Super Cub,Piston,325,260,250,77,165,"1,955",1980,2076,Orig,200,Orig,Orig,"1,137",nan
PA-18 95 Super Cub,Piston,160,,135,40,40,825,1180,500,"2,200","1,330",23/5,32/9,540,1300000
100 Darter (S.L. Industries),Piston,180,,140,40,40,920,1150,500,"2,400","1,350",23/5,32.9,500,1500000
100 Darter (S.L. Industries),Piston,235,,148,30,40,"1,350",600,600,"2,500","1,500",22/9,33/2,478,2000000
PA-11,Piston,235,157,129,38,40,"1,900",540,540,"2,500","1,425",23/6,33/2,360,2000000
100 Darter (S.L. Industries),Piston,235,,150,33,40,"1,350",600,600,"2,300","1,400",23/6,30/10,360,2000000
Kodiak 100,Piston,220,157,150,33,42,"1,250",585,600,"2,300","1,300",23/2,30/10,485,1900000
G3,Piston,210,,170,33,40,"1,250",600,600,"2,300","1,400",22/9,30/10,430,2000000
Super 340 (Cessna 340 conversion),Piston,210,157,137,33,40,"1,250",600,600,"2,300","1,350",22/9,30/10,345,1800000
100 Darter (S.L. Industries),Piston,180,,136,33,40,900,800,600,"2,300","1,300",22/9,30/10,525,1500000
TurboStream (Cessna 310 & 320 conv) 310hp,Piston,220,157,152,35,42,"1,250",600,650,"2,300","1,280",22/0,29/8,530,1900000
100 Darter (S.L. Industries),Piston,210,157,143,35,42,"1,250",585,600,"2,100","1,250",22/0,29/8,500,1800000
Rocket (Cessna 310 conversion),Piston,180,148,135,35,42,"1,000",700,600,"2,300","1,250",22/6,29/8,525,1700000
305 Rocket,Piston,145,157,130,35,42,700,900,600,"2,100","1,100",22/0,29/8,750,1200000
100 Darter (S.L. Industries),Piston,967,151,109,54,106,"1,400",,1600,"9,300","5,500",31/2,58/0,,2500000
100 Darter (S.L. Industries),Jet,"2,900",456,438,,4260,"3,180",3950,2930,"15,780","9,925",48/5,43/6,"1,530",4100000
"200 D Meyers (Prop Jets, Inc.)",Jet,"2,500",430,400,77,4260,"3,050",3850,2800,"14,630",9410,48/5,43/6,"1,513",4100000
100 Darter (S.L. Industries),Jet,"2,500",434,410,77,646,"3,000",4100,2700,"13,890","8,300",48/4,43/5,"1,510",4100000
"200 Meyers (Prop Jets, Inc.)",Propjet,778,309,296,77,403,"2,200",2170,1880,"11,575","7,650",39/5,39/2,"1,391",2975000
100 Darter (S.L. Industries),Propjet,727,322,313,73,403,"2,350",1800,1600,"10,470","7,010",33/3,39/2,"1,600",3350000
100 Darter (S.L. Industries),Propjet,724,317,304,73,364,"2,840",1800,1600,"10,470","6,864",33/3,39/2,"1,250",3220000
100 Darter (S.L. Industries),Propjet,776,296,283,77,364,"2,630",2170,1880,"11,575","7,570",39/5,39/2,"1,200",2960000
100 Darter (S.L. Industries),Propjet,724,317,270,71,366,"3,100",1700,1490,"9,920","5,920",33/3,39/2,"1,175",3320000
Sabre 75A,Propjet,724,300,265,73,366,"2,690",1870,1670,"10,800","6,800",39/5,39/2,"1,150",3080000
100 Darter (S.L. Industries),Propjet,705,283,261,73,366,"2,590",1890,1670,"10,800","6,700",39/5,39/2,"1,100",2700000
Sabre 65,Propjet,705,296,270,71,366,"2,875",1700,1320,"9,920","5,790",33/3,39/2,"1,150",3040000
100 Darter (S.L. Industries),Propjet,605,261,,64,285,"2,000",1600,1100,"8,930","5,730",33/3,39/2,880,2600000
100 Darter (S.L. Industries),Piston,280,242,237,59,100,1380,,,3374,2370,26/9,36/5,1852,2500000
Sting Sport S3,Jet,280,242,175,56,89,1375,2100,2650,3368,2380,26/8,36/6,1275,2500000
108-3,Piston,270,236,223,58,96,"1,230",2050,2600,"3,368","2,353",26/11,36/1,,2500000
108-1,Piston,280,197,191,60,95,"1,200",1700,1600,"3,368","2,200",26/9,36/1,900,2100000
GC-1B,Piston,217,161,,57,61,"1,030",2550,1910,"2,900","2,003",26/11,36/1,,1930000
SA-160,Piston,310,217,200,60,92,"1,120",2079,1549,"3,680","2,380",26/1,35/0,813,2400000
F-21B,Piston,310,197,170,59,100,1300,2600,2500,3380,2250,26/8,36/6,1450,2000000
100 Darter (S.L. Industries),Piston,220,213,197,60,80,"1,300",2000,2320,"3,100","2,000",25/5,36/1,"1,100",2500000
P2006T,Piston,210,219,201,59,75,"1,080",2200,2300,"2,900","1,800",25/5,36/1,980,2800000
A-36 Bonanza Prop Jet,Piston,200,178,171,54,64,"1,060",1700,1600,"2,740","1,710",24/8,36/1,690,1860000
1000 Jet Prop,Piston,210,201,191,57,75,"1,080",2060,2280,"2,900","1,800",25/5,36/1,980,2400000
100 Darter (S.L. Industries),Piston,200,175,170,53,64,"1,030",1550,1550,"2,740","1,671",24/8,36/1,690,1880000
900 Jet Prop,Piston,200,161,156,54,64,"1,055",1385,1786,"2,740","1,640",24/0,35/0,734,1880000
100 Darter (S.L. Industries),Piston,200,165,160,50,52,"1,125",1550,1550,"2,575","1,600",23/2,35/0,601,2120000
"690A, Prop Jet (690 length=43/0 & height=14/11)",Piston,180,155,147,50,52,875,1250,1670,"2,525","1,585",24/3,35/0,627,1700000
100 Darter (S.L. Industries),Piston,180,147,143,50,52,800,1395,1610,"2,575","1,525",23/2,35/0,659,1650000
720 Alti-Cruiser,Piston,180,153,150,50,52,860,1395,1550,"2,575","1,525",23/2,35/0,659,1950000
100 Darter (S.L. Industries),Piston,200,171,163,50,52,"1,110",1300,1365,"2,575","1,575",23/2,35/0,601,1880000
685 pressurized,Piston,180,165,158,50,52,800,1250,1550,"2,575","1,525",23/2,35/0,659,1720000
100 Darter (S.L. Industries),Piston,180,165,158,50,52,"1,150",1050,1100,"2,450","1,525",23/2,35/0,745,1850000
680 W Turbo II Prop Jet,Piston,180,165,157,50,35,"1,150",1050,1100,"2,450","1,440",23/1,35/0,513,2000000
100 Darter (S.L. Industries),Piston,150,149,143,50,35,900,1150,1100,"2,450","1,415",23/1,35/0,655,1720000
680 FLP Pressurized Grand,Piston,180,128,117,50,52,740,1125,1100,"2,500","1,455",23/2,35/0,715,1360000
100 Darter (S.L. Industries),Piston,90,103,96,40,24,835,953,1016,"1,450",950,20/8,30/0,484,1250000
680 FL Grand,Piston,90,112,108,39,24,640,1250,1350,"1,450",950,20/0,30/0,456,1730000
100 Darter (S.L. Industries),Piston,65,123,109,37,12,"1,000",1000,1000,850,575,17/7,26/1,,1940000
100 Darter (S.L. Industries),Piston,285,177,166,48,40,"1,375",980,980,"3,315","2,000",27/5,34/9,335,2150000
560 F,Piston,260,160,156,51,108,"1,150",980,980,"3,315","1,925",27/5,34/5,"1,043",2050000
100 Darter (S.L. Industries),Piston,260,165,147,57,40,"1,110",1100,1100,"2,850","1,950",27/3,33/3,340,1660000
560 A-HC,Piston,205,142,135,57,40,"1,050",900,1100,"2,750","1,782",27/3,33/3,430,1560000
560,Propjet,850,400,,90,2630,"3,000",2630,2650,"10,810","7,200",47/3,46/0,"1,746",4100000
500 U,Propjet,1200,270,265,64,402,"1,680",2300,1830,"9,920","5,732",47/3,53/3,"2,261",3000000
500 A,Propjet,1000,351,334,,3819,"3,242",1930,2280,"12,050","7,856",43/5,47/8,"1,879",4100000
100 Darter (S.L. Industries),Propjet,720,312,288,89,578,"2,380",2280,3043,"11,200","6,837",43/5,47/8,"1,722",3584000
520,Propjet,720,290,275,87,390,"2,236",3230,3017,"11,200","6,389",43/5,47/8,"1,515",3200000
2180,Propjet,620,275,270,77,382,"1,750",2940,2446,"9,474","5,164",36/8,42/8,"1,336",3240000
2150A Kachina,Propjet,620,283,269,75,382,"2,710",1980,2480,"9,000","5,018",34/8,42/8,"1,444",3160000
